.\image10014.ppm.png,67,296,168,396
.\image10014.ppm.png,408,192,500,280
.\image10030.ppm.png,64,320,163,416
.\image10030.ppm.png,389,221,476,304
.\image10046.ppm.png,132,288,216,367
.\image10046.ppm.png,404,204,479,276
.\image10062.ppm.png,218,241,286,307
.\image10062.ppm.png,450,187,516,248
.\image10078.ppm.png,222,232,282,289
.\image10078.ppm.png,420,187,476,239
.\image10094.ppm.png,264,171,317,221
.\image10094.ppm.png,441,139,492,186
.\image10110.ppm.png,243,148,293,197
.\image10110.ppm.png,404,115,452,160
.\image10126.ppm.png,240,146,288,192
.\image10126.ppm.png,392,107,436,151
.\image10142.ppm.png,259,132,305,177
.\image10142.ppm.png,406,104,449,146
.\image10158.ppm.png,240,127,287,170
.\image10158.ppm.png,386,95,428,135
.\image10174.ppm.png,238,148,287,195
.\image10174.ppm.png,380,103,424,145
.\image10189.ppm.png,280,145,330,195
.\image10189.ppm.png,424,100,471,144
.\image10206.ppm.png,296,164,352,216
.\image10206.ppm.png,440,104,489,150
.\image10222.ppm.png,230,203,287,258
.\image10222.ppm.png,356,136,405,180
.\image10238.ppm.png,233,181,288,235
.\image10238.ppm.png,334,104,379,148
.\image10254.ppm.png,200,215,257,268
.\image10254.ppm.png,287,141,331,184
.\image10270.ppm.png,210,234,266,290
.\image10270.ppm.png,279,154,322,197
.\image10286.ppm.png,244,227,303,285
.\image10286.ppm.png,294,135,340,179
.\image10302.ppm.png,269,257,335,322
.\image10302.ppm.png,315,148,364,196
.\image10318.ppm.png,222,282,292,351
.\image10318.ppm.png,234,162,285,212
.\image10334.ppm.png,242,246,311,314
.\image10334.ppm.png,230,133,281,183
.\image10350.ppm.png,286,210,350,272
.\image10350.ppm.png,256,111,304,159
.\image10366.ppm.png,299,216,361,277
.\image10366.ppm.png,251,124,299,171
.\image10381.ppm.png,316,165,377,225
.\image10381.ppm.png,238,83,287,130
.\image10397.ppm.png,352,179,420,243
.\image10397.ppm.png,256,88,310,139
.\image10413.ppm.png,354,220,424,288
.\image10413.ppm.png,237,123,292,175
.\image10430.ppm.png,358,228,428,296
.\image10430.ppm.png,199,147,255,200
.\image10449.ppm.png,380,243,457,314
.\image10449.ppm.png,188,164,250,222
.\image10465.ppm.png,354,232,427,302
.\image10465.ppm.png,128,196,194,258
.\image10481.ppm.png,352,215,421,282
.\image10481.ppm.png,128,183,192,243
.\image10496.ppm.png,392,171,463,237
.\image10496.ppm.png,168,151,231,210
.\image10512.ppm.png,356,184,424,248
.\image10512.ppm.png,114,195,181,258
.\image10528.ppm.png,392,163,466,232
.\image10528.ppm.png,132,172,204,242
.\image10544.ppm.png,128,196,205,271
.\image10544.ppm.png,408,188,484,261
.\image10560.ppm.png,94,216,174,292
.\image10560.ppm.png,368,169,438,238
.\image10578.ppm.png,120,203,198,279
.\image10578.ppm.png,376,154,444,221
.\image10596.ppm.png,170,180,248,252
.\image10596.ppm.png,416,112,484,177
.\image10612.ppm.png,183,232,262,310
.\image10612.ppm.png,412,144,480,208
.\image10628.ppm.png,163,232,244,309
.\image10628.ppm.png,378,135,443,198
.\image10644.ppm.png,224,239,299,313
.\image10644.ppm.png,416,140,480,200
.\image10660.ppm.png,191,261,269,340
.\image10660.ppm.png,366,144,428,204
.\image10676.ppm.png,192,266,272,345
.\image10676.ppm.png,336,137,395,196
.\image10692.ppm.png,220,247,295,319
.\image10692.ppm.png,336,131,393,184
.\image10708.ppm.png,228,251,299,320
.\image10708.ppm.png,316,140,368,192
.\image10708.ppm.png,174,0,207,28
.\image10724.ppm.png,266,231,332,298
.\image10724.ppm.png,325,127,374,176
.\image10724.ppm.png,155,0,186,28
.\image10724.ppm.png,332,452,354,473
.\image10724.ppm.png,408,465,427,480
.\image10724.ppm.png,390,459,403,478
.\image10740.ppm.png,263,332,361,406
.\image10740.ppm.png,294,189,358,257
.\image10740.ppm.png,284,431,362,480
.\image10740.ppm.png,349,99,398,148
.\image10740.ppm.png,357,435,392,480
.\image10740.ppm.png,229,320,260,364
.\image10758.ppm.png,311,147,379,213
.\image10758.ppm.png,354,51,405,100
.\image10775.ppm.png,330,221,399,289
.\image10775.ppm.png,358,111,410,161
.\image10823.ppm.png,296,376,381,464
.\image10823.ppm.png,274,219,332,276
.\image10840.ppm.png,288,395,374,480
.\image10840.ppm.png,268,237,326,293
.\image10859.ppm.png,292,375,377,462
.\image10859.ppm.png,268,221,325,277
.\image10875.ppm.png,284,371,370,457
.\image10875.ppm.png,260,218,318,273
.\image10891.ppm.png,272,371,358,457
.\image10891.ppm.png,246,219,304,275
.\image10907.ppm.png,276,342,361,427
.\image10907.ppm.png,244,194,302,251
.\image10923.ppm.png,280,363,364,449
.\image10923.ppm.png,248,214,306,270
.\image1178.ppm.png,275,229,346,300
.\image1194.ppm.png,272,229,345,300
.\image1210.ppm.png,270,233,342,304
.\image1226.ppm.png,263,227,335,297
.\image1242.ppm.png,272,228,344,299
.\image1258.ppm.png,268,242,340,313
.\image1273.ppm.png,296,228,366,297
.\image1289.ppm.png,304,226,372,292
.\image1306.ppm.png,304,241,373,308
.\image1321.ppm.png,336,229,400,292
.\image1337.ppm.png,368,200,429,257
.\image1353.ppm.png,332,184,389,238
.\image1369.ppm.png,356,168,411,218
.\image1384.ppm.png,400,135,452,183
.\image1401.ppm.png,404,142,454,188
.\image1417.ppm.png,418,96,465,140
.\image1433.ppm.png,396,74,443,117
.\image1449.ppm.png,414,60,460,103
.\image1464.ppm.png,400,71,447,116
.\image1480.ppm.png,392,99,447,150
.\image1497.ppm.png,358,137,422,198
.\image1512.ppm.png,317,204,389,273
.\image1528.ppm.png,288,287,372,374
.\image1544.ppm.png,240,343,333,439
.\image1560.ppm.png,228,377,326,480
.\image1576.ppm.png,264,377,361,480
.\image1592.ppm.png,300,342,390,434
.\image1608.ppm.png,324,326,407,410
.\image1624.ppm.png,322,280,397,354
.\image1641.ppm.png,348,237,414,300
.\image1657.ppm.png,359,238,421,295
.\image1673.ppm.png,364,228,423,282
.\image1689.ppm.png,396,255,450,305
.\image1689.ppm.png,372,27,388,44
.\image1705.ppm.png,430,215,482,261
.\image1721.ppm.png,402,218,450,264
.\image1737.ppm.png,426,186,475,232
.\image1753.ppm.png,401,182,450,229
.\image1768.ppm.png,369,175,420,223
.\image1784.ppm.png,294,184,346,234
.\image1800.ppm.png,274,178,325,227
.\image1816.ppm.png,290,168,339,216
.\image1832.ppm.png,285,200,334,248
.\image1848.ppm.png,282,198,330,246
.\image1864.ppm.png,269,188,317,235
.\image1880.ppm.png,278,173,329,221
.\image1911.ppm.png,320,147,365,189
.\image1927.ppm.png,336,163,377,201
.\image1927.ppm.png,297,0,316,18
.\image1943.ppm.png,364,170,402,206
.\image1959.ppm.png,376,186,412,219
.\image1974.ppm.png,372,194,408,226
.\image1991.ppm.png,380,197,413,227
.\image2007.ppm.png,127,77,165,111
.\image2007.ppm.png,376,219,407,247
.\image2023.ppm.png,384,189,414,216
.\image2039.ppm.png,398,190,430,218
.\image2055.ppm.png,416,186,449,216
.\image2071.ppm.png,418,210,454,244
.\image2087.ppm.png,400,202,441,240
.\image2087.ppm.png,270,46,298,70
.\image2102.ppm.png,371,196,418,240
.\image2118.ppm.png,360,223,413,274
.\image2134.ppm.png,348,261,413,324
.\image2134.ppm.png,213,136,233,160
.\image2150.ppm.png,313,305,390,381
.\image2150.ppm.png,81,276,95,291
.\image2166.ppm.png,324,340,409,432
.\image2182.ppm.png,302,364,392,458
.\image2182.ppm.png,115,154,132,175
.\image2198.ppm.png,254,389,345,480
.\image2198.ppm.png,266,101,284,120
.\image2214.ppm.png,254,386,340,476
.\image2230.ppm.png,288,360,368,444
.\image2246.ppm.png,292,378,371,460
.\image2246.ppm.png,76,198,108,228
.\image2262.ppm.png,286,354,358,428
.\image2278.ppm.png,336,327,406,397
.\image2294.ppm.png,366,320,440,392
.\image2311.ppm.png,474,343,554,418
.\image2327.ppm.png,523,358,604,436
.\image2327.ppm.png,20,425,40,445
.\image2343.ppm.png,548,366,633,444
.\image2343.ppm.png,21,390,52,426
.\image2359.ppm.png,480,362,562,437
.\image2375.ppm.png,361,355,438,427
.\image2375.ppm.png,242,142,256,157
.\image2391.ppm.png,262,361,334,433
.\image2391.ppm.png,375,121,393,136
.\image2409.ppm.png,210,367,281,439
.\image2427.ppm.png,152,376,226,448
.\image2443.ppm.png,93,386,167,459
.\image2443.ppm.png,169,14,194,38
.\image2443.ppm.png,139,24,160,47
.\image2460.ppm.png,40,395,116,468
.\image2460.ppm.png,98,28,119,47
.\image2476.ppm.png,82,385,156,457
.\image2476.ppm.png,161,14,192,43
.\image2476.ppm.png,281,16,296,32
.\image2491.ppm.png,200,347,272,418
.\image2508.ppm.png,306,314,377,384
.\image2524.ppm.png,318,283,389,356
.\image2540.ppm.png,316,225,391,299
.\image2556.ppm.png,260,268,340,348
.\image2572.ppm.png,228,315,316,403
.\image2588.ppm.png,244,305,334,396
.\image2604.ppm.png,272,297,360,385
.\image2621.ppm.png,305,298,389,383
.\image2637.ppm.png,328,240,406,315
.\image2652.ppm.png,353,204,424,272
.\image2668.ppm.png,358,156,423,218
.\image2684.ppm.png,344,113,406,173
.\image2699.ppm.png,335,63,395,123
.\image2715.ppm.png,324,96,385,155
.\image2731.ppm.png,168,155,230,216
.\image2747.ppm.png,138,173,202,233
.\image2747.ppm.png,607,17,626,40
.\image2763.ppm.png,103,199,166,257
.\image2763.ppm.png,524,20,575,74
.\image2779.ppm.png,56,223,122,281
.\image2779.ppm.png,431,167,514,207
.\image2779.ppm.png,92,0,129,28
.\image2779.ppm.png,471,202,519,215
.\image2779.ppm.png,489,26,512,50
.\image2779.ppm.png,481,60,500,79
.\image2795.ppm.png,38,252,105,311
.\image2795.ppm.png,414,206,473,229
.\image2795.ppm.png,78,25,108,52
.\image2795.ppm.png,466,224,501,236
.\image2795.ppm.png,417,163,440,179
.\image2795.ppm.png,373,286,390,304
.\image2811.ppm.png,216,211,275,265
.\image2811.ppm.png,244,0,270,25
.\image2827.ppm.png,264,190,321,244
.\image2843.ppm.png,256,195,314,248
.\image2859.ppm.png,251,175,306,227
.\image2874.ppm.png,264,192,319,244
.\image2874.ppm.png,96,16,124,42
.\image2891.ppm.png,284,189,340,243
.\image2891.ppm.png,34,26,66,53
.\image2907.ppm.png,299,148,353,200
.\image2907.ppm.png,0,8,32,36
.\image2923.ppm.png,305,138,358,187
.\image2939.ppm.png,298,75,351,126
.\image2956.ppm.png,328,98,381,152
.\image2971.ppm.png,365,192,421,244
.\image2987.ppm.png,384,267,447,328
.\image3003.ppm.png,324,340,396,414
.\image3018.ppm.png,289,318,366,396
.\image3035.ppm.png,298,257,377,335
.\image3051.ppm.png,306,235,384,311
.\image3067.ppm.png,293,247,371,323
.\image3083.ppm.png,294,255,371,330
.\image3650.ppm.png,258,276,324,342
.\image3650.ppm.png,494,263,562,326
.\image3650.ppm.png,599,0,640,43
.\image3650.ppm.png,580,19,600,41
.\image3668.ppm.png,253,265,319,330
.\image3668.ppm.png,488,256,555,318
.\image3668.ppm.png,599,0,640,40
.\image3668.ppm.png,581,16,600,39
.\image3684.ppm.png,262,231,326,294
.\image3684.ppm.png,494,215,560,276
.\image3684.ppm.png,1,435,37,468
.\image3700.ppm.png,263,266,327,330
.\image3700.ppm.png,484,238,548,297
.\image3716.ppm.png,273,252,338,318
.\image3716.ppm.png,487,211,549,268
.\image3732.ppm.png,263,299,335,371
.\image3732.ppm.png,474,232,538,291
.\image3748.ppm.png,251,329,328,408
.\image3748.ppm.png,431,224,495,284
.\image3764.ppm.png,238,321,314,399
.\image3764.ppm.png,385,205,444,262
.\image3780.ppm.png,286,303,360,377
.\image3780.ppm.png,397,184,455,239
.\image3780.ppm.png,46,22,68,44
.\image3796.ppm.png,267,332,342,408
.\image3796.ppm.png,334,202,388,255
.\image3812.ppm.png,274,321,346,394
.\image3812.ppm.png,307,198,358,249
.\image3828.ppm.png,310,301,379,371
.\image3828.ppm.png,302,186,352,235
.\image3844.ppm.png,315,313,384,381
.\image3844.ppm.png,267,203,317,252
.\image3860.ppm.png,330,309,396,374
.\image3860.ppm.png,254,211,304,259
.\image3860.ppm.png,2,56,36,89
.\image3876.ppm.png,345,280,411,343
.\image3876.ppm.png,245,189,295,238
.\image3892.ppm.png,361,299,422,358
.\image3892.ppm.png,258,218,305,263
.\image3908.ppm.png,389,263,444,316
.\image3908.ppm.png,295,194,337,235
.\image3924.ppm.png,396,242,445,289
.\image3924.ppm.png,301,187,340,225
.\image3940.ppm.png,382,236,429,280
.\image3940.ppm.png,292,187,331,224
.\image3940.ppm.png,382,236,429,280
.\image3940.ppm.png,292,187,331,224
.\image3989.ppm.png,447,154,486,190
.\image3989.ppm.png,372,120,405,150
.\image4005.ppm.png,452,154,489,188
.\image4005.ppm.png,380,121,411,150
.\image4021.ppm.png,434,154,472,188
.\image4021.ppm.png,356,116,390,147
.\image4037.ppm.png,442,156,484,196
.\image4037.ppm.png,352,116,388,150
.\image4055.ppm.png,469,206,520,252
.\image4055.ppm.png,368,148,409,186
.\image4073.ppm.png,450,229,510,285
.\image4073.ppm.png,322,162,370,206
.\image4089.ppm.png,442,291,512,360
.\image4089.ppm.png,290,205,344,256
.\image4105.ppm.png,381,301,456,375
.\image4105.ppm.png,192,220,254,279
.\image4121.ppm.png,384,299,459,373
.\image4121.ppm.png,160,240,225,302
.\image4137.ppm.png,398,229,468,298
.\image4137.ppm.png,165,211,229,272
.\image4153.ppm.png,399,248,468,315
.\image4153.ppm.png,160,251,225,315
.\image4169.ppm.png,416,247,480,308
.\image4169.ppm.png,190,249,252,308
.\image4185.ppm.png,418,219,476,273
.\image4185.ppm.png,216,233,271,287
.\image4201.ppm.png,398,203,450,252
.\image4201.ppm.png,216,223,268,272
.\image4217.ppm.png,468,168,515,212
.\image4217.ppm.png,301,169,346,212
.\image4233.ppm.png,456,175,500,216
.\image4233.ppm.png,302,172,344,212
.\image4249.ppm.png,472,135,516,175
.\image4249.ppm.png,323,134,364,174
.\image4264.ppm.png,527,119,575,162
.\image4264.ppm.png,364,118,408,160
.\image4280.ppm.png,527,138,582,188
.\image4280.ppm.png,344,127,395,176
.\image4297.ppm.png,515,119,578,178
.\image4297.ppm.png,300,129,359,189
.\image4313.ppm.png,516,195,589,261
.\image4313.ppm.png,260,205,329,272
.\image4328.ppm.png,171,322,256,412
.\image4328.ppm.png,470,296,555,380
.\image4345.ppm.png,140,379,234,475
.\image4345.ppm.png,470,358,563,448
.\image4361.ppm.png,421,343,511,431
.\image4361.ppm.png,91,410,191,480
.\image4393.ppm.png,152,366,246,460
.\image4393.ppm.png,396,246,469,316
.\image4409.ppm.png,186,353,273,443
.\image4409.ppm.png,384,221,452,286
.\image4425.ppm.png,194,368,278,455
.\image4425.ppm.png,344,223,406,281
.\image4441.ppm.png,229,351,307,430
.\image4441.ppm.png,346,221,404,276
.\image4441.ppm.png,435,7,458,27
.\image4617.ppm.png,443,128,488,166
.\image4617.ppm.png,436,79,472,110
.\image4728.ppm.png,465,237,528,293
.\image4728.ppm.png,319,171,368,216
.\image4728.ppm.png,270,327,292,347
.\image4745.ppm.png,453,231,515,288
.\image4745.ppm.png,280,192,329,239
.\image4761.ppm.png,418,229,476,282
.\image4761.ppm.png,244,200,292,246
.\image4777.ppm.png,419,197,471,245
.\image4777.ppm.png,249,182,294,224
.\image4777.ppm.png,476,0,507,37
.\image4793.ppm.png,403,176,450,220
.\image4793.ppm.png,238,171,282,212
.\image4809.ppm.png,424,134,469,176
.\image4809.ppm.png,268,129,310,169
.\image4809.ppm.png,564,6,583,24
.\image4824.ppm.png,456,100,499,139
.\image4824.ppm.png,304,102,344,140
.\image4840.ppm.png,440,131,482,170
.\image4840.ppm.png,288,135,328,173
.\image4856.ppm.png,488,150,533,190
.\image4856.ppm.png,328,152,371,192
.\image4872.ppm.png,480,175,529,218
.\image4872.ppm.png,308,182,354,226
.\image4872.ppm.png,613,21,640,44
.\image4905.ppm.png,243,254,305,316
.\image4905.ppm.png,468,234,531,292
.\image4921.ppm.png,217,300,290,374
.\image4921.ppm.png,482,279,556,350
.\image4921.ppm.png,510,0,521,12
.\image4937.ppm.png,172,321,258,408
.\image4937.ppm.png,474,276,558,356
.\image4953.ppm.png,164,321,257,416
.\image4953.ppm.png,491,271,584,359
.\image4969.ppm.png,133,395,235,480
.\image4969.ppm.png,467,292,561,382
.\image4985.ppm.png,443,288,533,375
.\image5001.ppm.png,392,286,472,363
.\image5033.ppm.png,297,398,389,480
.\image5033.ppm.png,414,222,481,286
.\image5052.ppm.png,307,337,386,419
.\image5052.ppm.png,388,194,447,250
.\image5069.ppm.png,357,289,428,359
.\image5069.ppm.png,416,174,469,223
.\image5085.ppm.png,361,260,425,323
.\image5085.ppm.png,391,160,440,206
.\image5100.ppm.png,365,231,424,287
.\image5100.ppm.png,377,147,422,189
.\image5117.ppm.png,388,200,444,253
.\image5117.ppm.png,381,123,425,164
.\image5133.ppm.png,383,204,440,259
.\image5133.ppm.png,352,129,395,171
.\image5149.ppm.png,385,234,446,293
.\image5149.ppm.png,335,151,381,195
.\image5165.ppm.png,376,239,442,302
.\image5165.ppm.png,309,143,359,191
.\image5181.ppm.png,410,248,480,316
.\image5181.ppm.png,304,155,356,205
.\image5197.ppm.png,402,272,477,346
.\image5197.ppm.png,285,165,340,218
.\image5213.ppm.png,409,329,493,412
.\image5213.ppm.png,292,196,350,253
.\image5230.ppm.png,408,312,493,396
.\image5230.ppm.png,278,181,338,239
.\image5246.ppm.png,420,304,508,389
.\image5246.ppm.png,289,171,350,229
.\image5262.ppm.png,401,320,489,407
.\image5262.ppm.png,273,181,334,240
.\image9665.ppm.png,275,225,340,288
.\image9665.ppm.png,226,128,274,172
.\image9680.ppm.png,279,217,345,283
.\image9680.ppm.png,228,120,279,169
.\image9696.ppm.png,285,215,350,280
.\image9696.ppm.png,234,120,284,168
.\image9712.ppm.png,309,205,374,270
.\image9712.ppm.png,251,115,301,163
.\image9727.ppm.png,296,207,360,270
.\image9727.ppm.png,212,131,262,177
.\image9743.ppm.png,294,198,355,257
.\image9743.ppm.png,197,133,245,177
.\image9759.ppm.png,308,195,366,252
.\image9759.ppm.png,197,141,243,184
.\image9774.ppm.png,262,219,321,276
.\image9774.ppm.png,122,180,172,226
.\image9791.ppm.png,257,205,316,262
.\image9791.ppm.png,105,179,156,224
.\image9806.ppm.png,286,187,342,240
.\image9806.ppm.png,128,176,177,220
.\image9822.ppm.png,283,197,339,252
.\image9822.ppm.png,113,191,164,237
.\image9838.ppm.png,286,207,344,263
.\image9838.ppm.png,95,215,150,264
.\image9854.ppm.png,318,213,374,267
.\image9854.ppm.png,124,221,178,270
.\image9869.ppm.png,363,199,419,253
.\image9869.ppm.png,167,219,220,268
.\image9886.ppm.png,376,218,433,273
.\image9886.ppm.png,168,243,224,296
.\image9902.ppm.png,382,188,438,243
.\image9902.ppm.png,177,221,234,275
.\image9918.ppm.png,206,182,261,236
.\image9918.ppm.png,405,144,461,197
.\image9934.ppm.png,218,152,278,209
.\image9934.ppm.png,423,105,481,161
.\image9950.ppm.png,217,143,281,206
.\image9950.ppm.png,441,95,505,155
.\image9966.ppm.png,188,179,262,251
.\image9966.ppm.png,446,127,517,195
.\image9982.ppm.png,134,259,222,343
.\image9982.ppm.png,425,176,505,252
.\image9998.ppm.png,115,268,209,362
.\image9998.ppm.png,436,179,524,264
